PERIOD,"Assets of Long-Term Insurers: Coin, Banknotes and Deposits",Assets of Long-Term Insurers: Fixed Property,Assets of Long-Term Insurers: Fixed-Interest Securities - Government,Assets of Long-Term Insurers: Fixed-Interest Securities - Local Governments,Assets of Long-Term Insurers: Fixed-Interest Securities - Public Enterprises,Assets of Long-Term Insurers: Loans against Policies,Assets of Long-Term Insurers: Mortgage Loans,Assets of Long-Term Insurers: Ordinary Shares,Assets of Long-Term Insurers: Other Fixed-Interest Securities,Assets of Long-Term Insurers: Other Loans,"Assets of Short-Term Insurers: Coin, Banknotes & Deposits",Assets of Short-Term Insurers: Fixed Property,Assets of Short-Term Insurers: Fixed-Interest Securities - Government,Assets of Short-Term Insurers: Fixed-Interest Securities - Local Governments,Assets of Short-Term Insurers: Fixed-Interest Securities - Public Enterprises,Assets of Short-Term Insurers: Mortgage Loans,Assets of Short-Term Insurers: Ordinary Shares,Assets of Short-Term Insurers: Other Fixed-Interest Securities,Assets of Short-Term Insurers: Other Loans,Final Consumption Expenditure by Constant Prices - General Government,Final Consumption Expenditure by Constant Prices - Households,Final Consumption Expenditure by Current Prices - General Government,Final Consumption Expenditure by Current Prices - Households,Final Consumption Expenditure by Households at Constant Prices - Durable Goods,Final Consumption Expenditure by Households at Constant Prices - Non - Durable Goods,Final Consumption Expenditure by Households at Constant Prices - Semi - Durable Goods ,Final Consumption Expenditure by Households at Constant Prices - Services,Final Consumption Expenditure by Households at Constant Prices - Total,Final Consumption Expenditure by Households at Current Prices - Durable Goods,Final Consumption Expenditure by Households at Current Prices - Non - Durable Goods,Final Consumption Expenditure by Households at Current Prices - Semi - Durable Goods ,Final Consumption Expenditure by Households at Current Prices - Services,Final Consumption Expenditure by Households at Current Prices - Total
1963-03-31,27.0,87.0,74.0,85.0,85.0,90.0,272.0,135.0,82.0,104.0,37.0,5.0,12.0,6.0,14.0,12.0,9.0,9.0,8.0,23858.0,69915.0,187.0,916.0,5400.0,37508.0,2854.0,22643.0,69915.0,78.0,406.0,132.0,301.0,916.0
1963-06-30,31.0,89.0,74.0,84.0,86.0,91.0,271.0,143.0,84.0,108.0,37.0,6.0,12.0,6.0,15.0,12.0,10.0,10.0,8.0,19155.0,73065.0,140.0,964.0,5745.0,39608.0,3163.0,22813.0,73065.0,84.0,426.0,149.0,305.0,964.0
1963-09-30,29.0,92.0,75.0,86.0,85.0,91.0,271.0,153.0,88.0,115.0,40.0,6.0,12.0,6.0,15.0,12.0,9.0,11.0,5.0,23777.0,73279.0,181.0,968.0,5870.0,40495.0,3047.0,22487.0,73279.0,85.0,439.0,141.0,303.0,968.0
1963-12-31,27.0,97.0,76.0,86.0,96.0,93.0,273.0,173.0,93.0,104.0,41.0,5.0,12.0,6.0,16.0,12.0,11.0,11.0,7.0,21704.0,82291.0,165.0,1091.0,7344.0,44655.0,3913.0,23626.0,82291.0,109.0,480.0,187.0,316.0,1091.0
1964-03-31,29.0,103.0,76.0,87.0,98.0,93.0,273.0,181.0,99.0,108.0,42.0,5.0,12.0,6.0,16.0,13.0,11.0,11.0,7.0,26529.0,76508.0,227.0,1006.0,6834.0,41133.0,3111.0,23732.0,76508.0,95.0,446.0,142.0,322.0,1006.0
1964-06-30,29.0,108.0,72.0,87.0,102.0,93.0,274.0,195.0,100.0,104.0,39.0,6.0,12.0,6.0,16.0,13.0,12.0,14.0,8.0,21094.0,79152.0,174.0,1064.0,7114.0,42404.0,3536.0,23746.0,79152.0,103.0,467.0,165.0,328.0,1064.0
1964-09-30,32.0,116.0,70.0,87.0,101.0,93.0,279.0,199.0,106.0,110.0,39.0,5.0,12.0,6.0,16.0,13.0,13.0,11.0,5.0,24429.0,79805.0,208.0,1085.0,7653.0,43173.0,3485.0,23286.0,79805.0,109.0,484.0,164.0,329.0,1085.0
1964-12-31,33.0,119.0,66.0,89.0,104.0,94.0,302.0,209.0,110.0,112.0,40.0,5.0,12.0,7.0,18.0,12.0,16.0,11.0,5.0,23357.0,87534.0,198.0,1209.0,8279.0,46557.0,4379.0,24403.0,87534.0,130.0,528.0,209.0,342.0,1209.0
1965-03-31,33.0,122.0,68.0,91.0,108.0,95.0,308.0,223.0,115.0,114.0,40.0,4.0,12.0,7.0,18.0,13.0,18.0,8.0,6.0,25810.0,79726.0,225.0,1097.0,7341.0,42407.0,3476.0,23907.0,79726.0,110.0,484.0,163.0,340.0,1097.0
1965-06-30,29.0,125.0,68.0,91.0,111.0,97.0,317.0,229.0,121.0,112.0,42.0,5.0,12.0,7.0,19.0,14.0,19.0,8.0,6.0,23764.0,82280.0,204.0,1160.0,6615.0,44411.0,3897.0,24416.0,82280.0,104.0,514.0,188.0,354.0,1160.0
1965-09-30,31.0,129.0,63.0,93.0,117.0,99.0,327.0,235.0,125.0,113.0,49.0,5.0,12.0,8.0,19.0,13.0,20.0,8.0,5.0,27546.0,82010.0,238.0,1155.0,6538.0,45595.0,3649.0,23644.0,82010.0,102.0,531.0,173.0,349.0,1155.0
1965-12-31,29.0,131.0,64.0,90.0,121.0,103.0,340.0,237.0,131.0,118.0,52.0,6.0,14.0,9.0,20.0,17.0,20.0,7.0,5.0,26570.0,90595.0,232.0,1291.0,7635.0,49596.0,4615.0,24583.0,90595.0,130.0,581.0,223.0,357.0,1291.0
1966-03-31,29.0,133.0,74.0,91.0,121.0,104.0,350.0,240.0,134.0,123.0,51.0,6.0,16.0,9.0,21.0,18.0,23.0,7.0,6.0,29688.0,82764.0,273.0,1188.0,7319.0,44482.0,3691.0,24054.0,82764.0,116.0,531.0,177.0,364.0,1188.0
1966-06-30,30.0,138.0,74.0,91.0,123.0,107.0,361.0,246.0,138.0,124.0,53.0,6.0,28.0,12.0,20.0,18.0,23.0,7.0,6.0,25540.0,86117.0,226.0,1250.0,7074.0,46899.0,4088.0,24676.0,86117.0,115.0,558.0,199.0,378.0,1250.0
1966-09-30,31.0,142.0,79.0,94.0,124.0,108.0,368.0,253.0,140.0,127.0,55.0,6.0,29.0,12.0,21.0,19.0,26.0,7.0,6.0,27681.0,87489.0,248.0,1273.0,7403.0,48780.0,3924.0,24624.0,87489.0,118.0,586.0,188.0,381.0,1273.0
1966-12-31,36.0,149.0,94.0,95.0,126.0,110.0,374.0,253.0,139.0,131.0,57.0,6.0,31.0,12.0,21.0,18.0,28.0,8.0,5.0,25947.0,93869.0,234.0,1396.0,8185.0,50156.0,5009.0,25083.0,93869.0,143.0,614.0,248.0,391.0,1396.0
1967-03-31,40.0,151.0,103.0,97.0,131.0,111.0,377.0,260.0,141.0,138.0,59.0,6.0,33.0,12.0,21.0,19.0,28.0,8.0,6.0,30014.0,87197.0,288.0,1298.0,7915.0,47173.0,3922.0,24922.0,87197.0,128.0,579.0,189.0,401.0,1298.0
1967-06-30,38.0,152.0,106.0,102.0,137.0,114.0,381.0,269.0,141.0,143.0,66.0,6.0,36.0,13.0,25.0,21.0,29.0,8.0,6.0,24875.0,90257.0,227.0,1371.0,7648.0,49090.0,4375.0,25204.0,90257.0,135.0,611.0,214.0,411.0,1371.0
1967-09-30,27.0,156.0,118.0,107.0,138.0,117.0,388.0,276.0,147.0,148.0,66.0,6.0,38.0,14.0,25.0,23.0,29.0,8.0,7.0,30609.0,89785.0,292.0,1373.0,7459.0,49222.0,4185.0,25170.0,89785.0,133.0,619.0,204.0,417.0,1373.0
1967-12-31,32.0,159.0,121.0,113.0,139.0,122.0,392.0,282.0,149.0,161.0,71.0,6.0,38.0,15.0,25.0,24.0,31.0,8.0,7.0,27668.0,98718.0,259.0,1506.0,8417.0,53770.0,5147.0,25933.0,98718.0,156.0,668.0,258.0,424.0,1506.0
1968-03-31,37.0,162.0,139.0,117.0,142.0,125.0,394.0,290.0,151.0,83.0,69.0,6.0,38.0,14.0,25.0,24.0,32.0,8.0,8.0,31681.0,92125.0,314.0,1409.0,7933.0,50549.0,4160.0,25963.0,92125.0,139.0,629.0,201.0,439.0,1409.0
1968-06-30,34.0,171.0,143.0,117.0,146.0,130.0,395.0,301.0,153.0,89.0,84.0,6.0,38.0,14.0,25.0,25.0,33.0,8.0,8.0,26339.0,96783.0,253.0,1504.0,8242.0,53186.0,4667.0,26770.0,96783.0,150.0,665.0,232.0,457.0,1504.0
1968-09-30,32.0,179.0,155.0,127.0,145.0,131.0,400.0,313.0,155.0,86.0,82.0,5.0,39.0,15.0,25.0,26.0,34.0,9.0,8.0,32345.0,97098.0,317.0,1525.0,8569.0,53598.0,4581.0,26374.0,97098.0,157.0,680.0,229.0,459.0,1525.0
1968-12-31,35.0,184.0,158.0,131.0,151.0,133.0,400.0,339.0,161.0,90.0,94.0,5.0,38.0,15.0,27.0,28.0,38.0,9.0,9.0,30609.0,106864.0,300.0,1696.0,9930.0,58470.0,5677.0,27131.0,106864.0,189.0,744.0,291.0,471.0,1696.0
1969-03-31,45.0,187.0,173.0,132.0,154.0,139.0,396.0,365.0,166.0,97.0,81.0,5.0,39.0,15.0,27.0,28.0,38.0,9.0,10.0,35870.0,98133.0,356.0,1573.0,9509.0,54111.0,4596.0,25931.0,98133.0,172.0,693.0,231.0,478.0,1573.0
1969-06-30,57.0,193.0,182.0,133.0,155.0,146.0,395.0,381.0,170.0,102.0,94.0,8.0,41.0,16.0,27.0,29.0,42.0,9.0,11.0,27980.0,102813.0,296.0,1687.0,9098.0,56478.0,5242.0,27155.0,102813.0,182.0,724.0,270.0,511.0,1687.0
1969-09-30,59.0,202.0,184.0,133.0,150.0,147.0,399.0,409.0,181.0,118.0,98.0,9.0,44.0,16.0,28.0,31.0,48.0,10.0,11.0,32236.0,104647.0,340.0,1710.0,9776.0,58048.0,5104.0,27381.0,104647.0,192.0,739.0,260.0,519.0,1710.0
1969-12-31,57.0,216.0,190.0,138.0,146.0,147.0,400.0,418.0,176.0,126.0,106.0,6.0,47.0,18.0,31.0,33.0,54.0,11.0,15.0,32358.0,114627.0,372.0,1903.0,11777.0,61313.0,6394.0,28423.0,114627.0,239.0,789.0,335.0,541.0,1903.0
1970-03-31,71.0,223.0,195.0,139.0,167.0,148.0,401.0,476.0,190.0,135.0,94.0,5.0,37.0,18.0,30.0,37.0,53.0,12.0,15.0,36778.0,102937.0,405.0,1748.0,10245.0,55916.0,5200.0,27265.0,102937.0,200.0,751.0,259.0,538.0,1748.0
1970-06-30,75.0,219.0,204.0,143.0,164.0,147.0,393.0,475.0,194.0,146.0,120.0,5.0,36.0,16.0,27.0,34.0,54.0,12.0,14.0,32006.0,110138.0,341.0,1896.0,11234.0,59816.0,6031.0,27850.0,110138.0,225.0,797.0,312.0,562.0,1896.0
1970-09-30,82.0,221.0,207.0,149.0,175.0,149.0,388.0,482.0,220.0,135.0,119.0,4.0,36.0,20.0,28.0,35.0,53.0,12.0,14.0,34975.0,112827.0,421.0,1960.0,11857.0,61178.0,5837.0,29183.0,112827.0,234.0,832.0,300.0,594.0,1960.0
1970-12-31,80.0,253.0,220.0,154.0,176.0,152.0,391.0,482.0,226.0,146.0,127.0,4.0,38.0,20.0,28.0,38.0,54.0,12.0,14.0,34894.0,121862.0,399.0,2132.0,12306.0,66298.0,7049.0,30053.0,121862.0,249.0,899.0,374.0,610.0,2132.0
1971-03-31,86.0,257.0,221.0,154.0,177.0,156.0,388.0,502.0,225.0,145.0,114.0,5.0,38.0,23.0,30.0,39.0,57.0,16.0,19.0,40628.0,111241.0,492.0,1946.0,10462.0,60846.0,5767.0,29142.0,111241.0,206.0,834.0,303.0,604.0,1946.0
1971-06-30,71.0,259.0,232.0,161.0,186.0,159.0,393.0,529.0,274.0,158.0,143.0,4.0,39.0,25.0,38.0,35.0,55.0,15.0,15.0,33809.0,110903.0,406.0,2082.0,9729.0,57788.0,6579.0,29736.0,110903.0,211.0,871.0,355.0,644.0,2082.0
1971-09-30,65.0,270.0,238.0,173.0,188.0,165.0,392.0,545.0,280.0,161.0,136.0,5.0,41.0,27.0,39.0,36.0,54.0,15.0,14.0,37076.0,118104.0,498.0,2196.0,11768.0,63929.0,6302.0,30728.0,118104.0,261.0,913.0,339.0,683.0,2196.0
1971-12-31,62.0,290.0,264.0,177.0,198.0,168.0,399.0,572.0,281.0,174.0,134.0,4.0,46.0,27.0,41.0,40.0,54.0,18.0,14.0,38161.0,128590.0,481.0,2442.0,12616.0,69913.0,7605.0,31495.0,128590.0,286.0,1027.0,422.0,706.0,2442.0
1972-03-31,71.0,296.0,297.0,179.0,202.0,170.0,398.0,580.0,290.0,169.0,124.0,5.0,47.0,28.0,40.0,41.0,48.0,16.0,15.0,40412.0,115224.0,525.0,2194.0,10593.0,61398.0,6050.0,31156.0,115224.0,236.0,908.0,341.0,710.0,2194.0
1972-06-30,60.0,303.0,345.0,187.0,202.0,173.0,401.0,585.0,289.0,174.0,153.0,5.0,55.0,29.0,40.0,42.0,65.0,17.0,15.0,34704.0,119038.0,447.0,2320.0,11160.0,63412.0,6647.0,31431.0,119038.0,259.0,945.0,387.0,728.0,2320.0
1972-09-30,69.0,310.0,357.0,191.0,206.0,174.0,395.0,589.0,292.0,182.0,165.0,5.0,53.0,30.0,42.0,39.0,60.0,17.0,14.0,37238.0,122132.0,527.0,2446.0,11801.0,64850.0,6698.0,32402.0,122132.0,277.0,1002.0,394.0,773.0,2446.0
1972-12-31,88.0,324.0,386.0,196.0,210.0,174.0,380.0,638.0,313.0,200.0,164.0,5.0,57.0,33.0,42.0,39.0,59.0,21.0,10.0,36643.0,132494.0,484.0,2719.0,13289.0,70164.0,7781.0,33649.0,132494.0,339.0,1112.0,468.0,799.0,2719.0
1973-03-31,86.0,346.0,401.0,201.0,221.0,175.0,382.0,654.0,300.0,201.0,158.0,6.0,60.0,31.0,44.0,41.0,72.0,17.0,16.0,40438.0,121445.0,559.0,2511.0,12603.0,64867.0,6325.0,31562.0,121445.0,294.0,1073.0,374.0,770.0,2511.0
1973-06-30,89.0,389.0,422.0,208.0,224.0,176.0,375.0,723.0,314.0,201.0,158.0,5.0,62.0,34.0,44.0,42.0,78.0,19.0,17.0,38567.0,128095.0,483.0,2745.0,13187.0,67027.0,7289.0,33119.0,128095.0,328.0,1136.0,445.0,836.0,2745.0
1973-09-30,94.0,404.0,421.0,214.0,231.0,176.0,367.0,761.0,331.0,208.0,199.0,6.0,65.0,36.0,46.0,45.0,76.0,21.0,17.0,38268.0,130986.0,630.0,2813.0,14548.0,69265.0,7089.0,33413.0,130986.0,366.0,1137.0,440.0,870.0,2813.0
1973-12-31,92.0,462.0,439.0,217.0,239.0,176.0,355.0,811.0,339.0,234.0,207.0,5.0,68.0,37.0,49.0,43.0,76.0,25.0,17.0,38283.0,145422.0,587.0,3261.0,15372.0,78003.0,8621.0,35131.0,145422.0,411.0,1371.0,562.0,916.0,3261.0
1974-03-31,126.0,473.0,450.0,215.0,242.0,178.0,354.0,823.0,353.0,237.0,203.0,6.0,67.0,36.0,48.0,47.0,81.0,30.0,15.0,45982.0,128196.0,732.0,2922.0,12855.0,69701.0,6707.0,32587.0,128196.0,336.0,1250.0,459.0,877.0,2922.0
1974-06-30,133.0,496.0,473.0,219.0,239.0,181.0,361.0,833.0,359.0,272.0,228.0,5.0,69.0,38.0,47.0,51.0,83.0,31.0,17.0,37401.0,136758.0,588.0,3231.0,13931.0,72027.0,7523.0,36121.0,136758.0,387.0,1363.0,532.0,949.0,3231.0
1974-09-30,182.0,531.0,481.0,222.0,222.0,184.0,352.0,832.0,370.0,291.0,240.0,6.0,68.0,40.0,46.0,53.0,86.0,32.0,17.0,42865.0,137523.0,781.0,3353.0,14488.0,73165.0,7439.0,35473.0,137523.0,402.0,1434.0,536.0,980.0,3353.0
1974-12-31,162.0,573.0,495.0,237.0,239.0,191.0,355.0,835.0,407.0,308.0,248.0,6.0,74.0,41.0,48.0,48.0,86.0,31.0,18.0,41346.0,151059.0,759.0,3812.0,15745.0,81122.0,8995.0,36203.0,151059.0,457.0,1656.0,674.0,1025.0,3812.0
1975-03-31,168.0,617.0,530.0,246.0,245.0,192.0,356.0,869.0,424.0,301.0,231.0,6.0,78.0,43.0,48.0,49.0,87.0,32.0,17.0,48842.0,131853.0,947.0,3535.0,12653.0,71728.0,7188.0,33276.0,131853.0,359.0,1511.0,563.0,1102.0,3535.0
1975-06-30,131.0,676.0,554.0,261.0,252.0,194.0,358.0,889.0,450.0,348.0,255.0,6.0,80.0,44.0,49.0,49.0,90.0,33.0,18.0,44085.0,139009.0,814.0,3861.0,13997.0,72705.0,7883.0,36036.0,139009.0,420.0,1591.0,636.0,1214.0,3861.0
1975-09-30,140.0,733.0,590.0,267.0,256.0,194.0,349.0,914.0,478.0,328.0,268.0,6.0,82.0,45.0,50.0,49.0,91.0,36.0,20.0,47596.0,144162.0,955.0,4089.0,15833.0,76175.0,7850.0,36048.0,144162.0,498.0,1716.0,644.0,1231.0,4089.0
1975-12-31,174.0,793.0,621.0,279.0,264.0,201.0,350.0,934.0,468.0,373.0,276.0,7.0,83.0,45.0,50.0,49.0,86.0,37.0,20.0,47352.0,158608.0,912.0,4573.0,17165.0,83519.0,9348.0,36086.0,158608.0,617.0,1902.0,793.0,1261.0,4573.0
1976-03-31,167.0,821.0,688.0,295.0,273.0,203.0,348.0,973.0,486.0,415.0,270.0,6.0,90.0,46.0,51.0,46.0,93.0,38.0,21.0,52977.0,141259.0,1102.0,4192.0,13999.0,76156.0,7510.0,34916.0,141259.0,525.0,1767.0,643.0,1257.0,4192.0
1976-06-30,191.0,897.0,711.0,321.0,283.0,205.0,344.0,1002.0,478.0,454.0,290.0,4.0,87.0,46.0,50.0,46.0,93.0,38.0,21.0,47908.0,144713.0,981.0,4475.0,13755.0,77367.0,8184.0,36157.0,144713.0,532.0,1872.0,727.0,1344.0,4475.0
1976-09-30,187.0,974.0,755.0,349.0,287.0,210.0,344.0,1029.0,439.0,455.0,292.0,4.0,92.0,47.0,48.0,48.0,89.0,44.0,23.0,49751.0,143115.0,1170.0,4525.0,12538.0,78011.0,7801.0,36779.0,143115.0,473.0,1957.0,708.0,1387.0,4525.0
1976-12-31,185.0,1006.0,821.0,359.0,290.0,211.0,339.0,1069.0,408.0,447.0,296.0,7.0,103.0,48.0,49.0,50.0,92.0,48.0,20.0,47568.0,153590.0,1069.0,4966.0,13167.0,83984.0,9204.0,37953.0,153590.0,505.0,2146.0,861.0,1454.0,4966.0
1977-03-31,231.0,1036.0,822.0,377.0,311.0,215.0,351.0,1153.0,465.0,459.0,289.0,7.0,106.0,47.0,49.0,49.0,90.0,48.0,22.0,54767.0,140370.0,1248.0,4683.0,11277.0,79946.0,7248.0,36494.0,140370.0,438.0,2101.0,684.0,1460.0,4683.0
1977-06-30,210.0,1110.0,901.0,415.0,336.0,221.0,356.0,1159.0,449.0,466.0,323.0,7.0,111.0,50.0,51.0,51.0,93.0,48.0,24.0,47555.0,140910.0,1028.0,4866.0,11331.0,79312.0,7642.0,36575.0,140910.0,467.0,2144.0,757.0,1498.0,4866.0
1977-09-30,197.0,1123.0,950.0,439.0,392.0,222.0,352.0,1170.0,450.0,471.0,317.0,7.0,122.0,54.0,56.0,52.0,96.0,53.0,26.0,50592.0,142665.0,1180.0,5051.0,11857.0,80882.0,7549.0,36369.0,142665.0,486.0,2243.0,760.0,1562.0,5051.0
1977-12-31,209.0,1182.0,1024.0,467.0,431.0,230.0,355.0,1251.0,466.0,466.0,321.0,7.0,123.0,59.0,56.0,50.0,104.0,62.0,24.0,52883.0,153669.0,1157.0,5520.0,13533.0,84865.0,8928.0,36875.0,153669.0,580.0,2411.0,925.0,1604.0,5520.0
1978-03-31,289.0,1167.0,1092.0,471.0,432.0,233.0,349.0,1252.0,483.0,438.0,315.0,8.0,130.0,62.0,60.0,50.0,108.0,61.0,25.0,55689.0,143239.0,1462.0,5225.0,11989.0,82074.0,7041.0,36228.0,143239.0,496.0,2377.0,734.0,1618.0,5225.0
1978-06-30,299.0,1246.0,1138.0,489.0,533.0,237.0,353.0,1382.0,510.0,454.0,333.0,8.0,147.0,65.0,62.0,52.0,114.0,62.0,30.0,46674.0,147661.0,1216.0,5505.0,14797.0,82593.0,7791.0,35777.0,147661.0,598.0,2433.0,844.0,1630.0,5505.0
1978-09-30,281.0,1271.0,1155.0,510.0,603.0,238.0,327.0,1456.0,551.0,464.0,340.0,8.0,152.0,65.0,66.0,52.0,140.0,66.0,30.0,51798.0,141484.0,1452.0,5566.0,11994.0,80046.0,6925.0,37416.0,141484.0,521.0,2512.0,794.0,1739.0,5566.0
1978-12-31,260.0,1317.0,1246.0,510.0,616.0,240.0,328.0,1492.0,586.0,468.0,308.0,7.0,154.0,60.0,69.0,54.0,140.0,78.0,24.0,53018.0,154704.0,1482.0,6151.0,14394.0,86438.0,8404.0,37216.0,154704.0,647.0,2774.0,982.0,1748.0,6151.0
1979-03-31,350.0,1347.0,1336.0,521.0,670.0,244.0,316.0,1614.0,669.0,442.0,334.0,6.0,156.0,70.0,69.0,52.0,145.0,79.0,35.0,54726.0,143205.0,1610.0,5845.0,12853.0,81779.0,6673.0,37317.0,143205.0,556.0,2706.0,783.0,1800.0,5845.0
1979-06-30,475.0,1389.0,1384.0,532.0,721.0,247.0,315.0,1676.0,728.0,447.0,407.0,6.0,158.0,71.0,74.0,52.0,155.0,82.0,40.0,50727.0,147728.0,1438.0,6240.0,13336.0,84480.0,7428.0,37550.0,147728.0,599.0,2882.0,895.0,1864.0,6240.0
1979-09-30,438.0,1403.0,1372.0,570.0,852.0,254.0,310.0,1857.0,759.0,157.0,419.0,9.0,158.0,77.0,82.0,50.0,161.0,89.0,36.0,55214.0,147087.0,1803.0,6573.0,13799.0,83106.0,7297.0,38954.0,147087.0,656.0,3029.0,889.0,1999.0,6573.0
1979-12-31,660.0,1437.0,1467.0,607.0,899.0,255.0,303.0,1928.0,836.0,144.0,420.0,7.0,164.0,83.0,89.0,48.0,180.0,96.0,37.0,56462.0,163604.0,1823.0,7404.0,16743.0,90036.0,9075.0,39594.0,163604.0,832.0,3369.0,1131.0,2072.0,7404.0
1980-03-31,814.0,1470.0,1520.0,607.0,907.0,263.0,288.0,2017.0,877.0,125.0,433.0,7.0,159.0,80.0,89.0,48.0,178.0,99.0,41.0,61233.0,152397.0,1978.0,7257.0,15450.0,87409.0,7413.0,41901.0,152397.0,757.0,3332.0,936.0,2232.0,7257.0
1980-06-30,930.0,1576.0,1591.0,605.0,956.0,269.0,259.0,2333.0,982.0,141.0,470.0,7.0,157.0,81.0,98.0,48.0,186.0,101.0,41.0,55905.0,158057.0,1903.0,7766.0,17153.0,87098.0,8414.0,42812.0,158057.0,858.0,3433.0,1103.0,2372.0,7766.0
1980-09-30,1006.0,1667.0,1611.0,601.0,981.0,271.0,264.0,2532.0,1011.0,156.0,483.0,8.0,159.0,78.0,105.0,49.0,215.0,106.0,33.0,60556.0,164279.0,2264.0,8353.0,19373.0,88030.0,8467.0,45404.0,164279.0,979.0,3655.0,1130.0,2589.0,8353.0
1980-12-31,1149.0,1792.0,1725.0,625.0,1079.0,271.0,268.0,2656.0,1070.0,206.0,506.0,8.0,173.0,79.0,106.0,49.0,222.0,120.0,35.0,59227.0,178568.0,2236.0,9482.0,21851.0,92997.0,10794.0,45843.0,178568.0,1200.0,4111.0,1480.0,2691.0,9482.0
1981-03-31,1364.0,1800.0,1648.0,610.0,1140.0,280.0,256.0,2774.0,1078.0,223.0,511.0,8.0,160.0,77.0,107.0,50.0,214.0,118.0,35.0,62290.0,165370.0,2358.0,9121.0,18009.0,91148.0,8579.0,44943.0,165370.0,989.0,4163.0,1194.0,2775.0,9121.0
1981-06-30,1122.0,1840.0,2106.0,611.0,1242.0,283.0,265.0,2880.0,1094.0,308.0,548.0,8.0,182.0,77.0,99.0,51.0,214.0,119.0,35.0,57776.0,171716.0,2445.0,9742.0,19361.0,92093.0,9521.0,46777.0,171716.0,1124.0,4287.0,1376.0,2955.0,9742.0
1981-09-30,1224.0,1913.0,2262.0,631.0,1295.0,287.0,273.0,3117.0,1114.0,337.0,572.0,7.0,183.0,77.0,100.0,54.0,214.0,118.0,37.0,61817.0,175001.0,2757.0,10376.0,20456.0,92516.0,9103.0,49921.0,175001.0,1227.0,4503.0,1369.0,3277.0,10376.0
1981-12-31,1491.0,2044.0,2342.0,673.0,1440.0,289.0,291.0,3330.0,1210.0,426.0,635.0,8.0,221.0,76.0,97.0,53.0,232.0,129.0,46.0,59525.0,188930.0,2706.0,11520.0,22663.0,98566.0,11192.0,50146.0,188930.0,1464.0,4938.0,1755.0,3363.0,11520.0
1982-03-31,1397.0,2317.0,2597.0,683.0,1416.0,297.0,308.0,3559.0,1247.0,465.0,641.0,8.0,194.0,68.0,92.0,53.0,225.0,128.0,41.0,69354.0,173257.0,3122.0,10944.0,19151.0,95816.0,8494.0,49590.0,173257.0,1213.0,4949.0,1377.0,3405.0,10944.0
1982-06-30,1352.0,2503.0,2909.0,686.0,1578.0,310.0,308.0,3485.0,1190.0,467.0,646.0,8.0,206.0,65.0,98.0,54.0,219.0,130.0,40.0,61978.0,176261.0,3211.0,11627.0,19273.0,95948.0,9529.0,49743.0,176261.0,1281.0,5111.0,1617.0,3618.0,11627.0
1982-09-30,1116.0,2626.0,3232.0,708.0,1894.0,310.0,328.0,3814.0,1169.0,479.0,634.0,12.0,260.0,67.0,107.0,54.0,216.0,121.0,40.0,63673.0,176419.0,3396.0,12014.0,19144.0,95983.0,8893.0,51738.0,176419.0,1325.0,5255.0,1544.0,3890.0,12014.0
1982-12-31,1108.0,2897.0,3571.0,761.0,2144.0,333.0,371.0,4194.0,1206.0,517.0,722.0,13.0,332.0,68.0,114.0,57.0,232.0,161.0,39.0,61667.0,189785.0,3366.0,13316.0,20227.0,101779.0,10751.0,52862.0,189785.0,1519.0,5753.0,1934.0,4110.0,13316.0
1983-03-31,1403.0,3131.0,3526.0,773.0,2219.0,335.0,359.0,4603.0,1217.0,520.0,790.0,15.0,339.0,63.0,129.0,59.0,238.0,147.0,44.0,64296.0,175721.0,3453.0,12782.0,17156.0,97390.0,8636.0,51342.0,175721.0,1249.0,5682.0,1567.0,4284.0,12782.0
1983-06-30,1670.0,3285.0,3665.0,786.0,2477.0,353.0,369.0,5511.0,1225.0,519.0,769.0,14.0,353.0,57.0,159.0,58.0,245.0,142.0,32.0,64501.0,178286.0,3704.0,13352.0,17824.0,96268.0,9312.0,52477.0,178286.0,1353.0,5755.0,1729.0,4515.0,13352.0
1983-09-30,1439.0,3396.0,3963.0,773.0,2638.0,358.0,384.0,5949.0,1203.0,554.0,770.0,18.0,381.0,59.0,170.0,55.0,260.0,155.0,30.0,66860.0,183822.0,3804.0,14130.0,19044.0,98136.0,9241.0,55591.0,183822.0,1538.0,5930.0,1752.0,4910.0,14130.0
1983-12-31,1414.0,3771.0,4363.0,769.0,2473.0,371.0,428.0,6449.0,957.0,525.0,624.0,20.0,451.0,50.0,168.0,77.0,443.0,154.0,57.0,65666.0,199405.0,3724.0,15599.0,21185.0,104676.0,11164.0,57322.0,199405.0,1855.0,6438.0,2171.0,5135.0,15599.0
1984-03-31,1478.0,3861.0,4377.0,789.0,3014.0,384.0,389.0,6723.0,1269.0,514.0,618.0,33.0,474.0,55.0,185.0,68.0,372.0,168.0,55.0,68011.0,187096.0,4316.0,15041.0,19314.0,102978.0,8657.0,57948.0,187096.0,1601.0,6498.0,1703.0,5239.0,15041.0
1984-06-30,1554.0,4086.0,4726.0,817.0,3208.0,395.0,382.0,7049.0,1492.0,555.0,741.0,36.0,488.0,60.0,196.0,77.0,391.0,179.0,53.0,70533.0,196783.0,4817.0,16320.0,21629.0,106718.0,9726.0,58593.0,196783.0,1880.0,6993.0,1976.0,5471.0,16320.0
1984-09-30,2367.0,4294.0,4821.0,774.0,3056.0,419.0,369.0,7069.0,1617.0,521.0,950.0,40.0,474.0,70.0,200.0,78.0,423.0,184.0,53.0,73123.0,187501.0,5079.0,16102.0,14589.0,104001.0,8736.0,62182.0,187501.0,1382.0,6924.0,1882.0,5914.0,16102.0
1984-12-31,2517.0,4679.0,5547.0,745.0,3001.0,455.0,396.0,7858.0,1372.0,575.0,1142.0,47.0,484.0,79.0,220.0,78.0,465.0,209.0,60.0,67442.0,199731.0,4932.0,17505.0,16473.0,109863.0,10948.0,60528.0,199731.0,1630.0,7537.0,2416.0,5922.0,17505.0
1985-03-31,3010.0,5076.0,5337.0,797.0,3299.0,488.0,336.0,8362.0,1717.0,574.0,1233.0,47.0,499.0,59.0,223.0,83.0,437.0,217.0,62.0,73312.0,183890.0,5345.0,17195.0,14068.0,103657.0,8668.0,60057.0,183890.0,1530.0,7534.0,1936.0,6195.0,17195.0
1985-06-30,2998.0,5295.0,5404.0,832.0,3852.0,510.0,353.0,8647.0,1673.0,717.0,1186.0,47.0,530.0,60.0,261.0,83.0,432.0,225.0,63.0,70953.0,181302.0,5579.0,17771.0,11752.0,102388.0,8919.0,59253.0,181302.0,1446.0,7782.0,2094.0,6449.0,17771.0
1985-09-30,3058.0,6019.0,5949.0,880.0,3872.0,540.0,375.0,11252.0,1665.0,777.0,1146.0,48.0,561.0,62.0,300.0,85.0,456.0,258.0,76.0,76253.0,182157.0,6029.0,18327.0,13171.0,101449.0,8500.0,59806.0,182157.0,1582.0,7904.0,2045.0,6796.0,18327.0
1985-12-31,2842.0,6100.0,5796.0,1012.0,4566.0,570.0,471.0,12423.0,1763.0,934.0,1394.0,55.0,526.0,74.0,290.0,82.0,480.0,291.0,79.0,68187.0,197110.0,5547.0,20400.0,15685.0,108787.0,10441.0,59198.0,197110.0,2070.0,8854.0,2601.0,6875.0,20400.0
1986-03-31,3100.0,6212.0,5187.0,1080.0,4506.0,464.0,390.0,12619.0,1947.0,855.0,1377.0,54.0,543.0,64.0,283.0,80.0,488.0,276.0,66.0,75792.0,178725.0,6373.0,20183.0,11396.0,105602.0,8429.0,59832.0,178725.0,1574.0,9187.0,2169.0,7253.0,20183.0
1986-06-30,3085.0,6613.0,5589.0,1101.0,5356.0,510.0,441.0,14130.0,2048.0,1002.0,1567.0,57.0,583.0,65.0,276.0,82.0,516.0,260.0,60.0,79046.0,182281.0,7369.0,21186.0,11234.0,105752.0,8753.0,60991.0,182281.0,1671.0,9427.0,2403.0,7685.0,21186.0
1986-09-30,3687.0,6381.0,5628.0,1217.0,5558.0,564.0,444.0,21322.0,2493.0,940.0,1686.0,60.0,657.0,73.0,310.0,84.0,568.0,304.0,61.0,70221.0,184711.0,6475.0,22141.0,11788.0,104506.0,8722.0,62167.0,184711.0,1854.0,9694.0,2473.0,8120.0,22141.0
1986-12-31,5583.0,6598.0,5981.0,1238.0,5551.0,589.0,600.0,17697.0,2566.0,838.0,1844.0,71.0,731.0,80.0,350.0,94.0,621.0,348.0,72.0,70262.0,199923.0,6821.0,24278.0,13918.0,108806.0,10649.0,62624.0,199923.0,2376.0,10535.0,3137.0,8230.0,24278.0
1987-03-31,6199.0,7527.0,6309.0,1496.0,5948.0,609.0,474.0,27717.0,2985.0,1037.0,1664.0,72.0,888.0,109.0,360.0,85.0,628.0,345.0,71.0,80388.0,185622.0,8094.0,24036.0,12175.0,103900.0,8752.0,63451.0,185622.0,2090.0,10529.0,2636.0,8781.0,24036.0
1987-06-30,7599.0,7133.0,7052.0,1723.0,5675.0,642.0,495.0,31038.0,3333.0,1211.0,1775.0,73.0,1025.0,138.0,345.0,81.0,635.0,350.0,71.0,79724.0,189211.0,8739.0,25267.0,13410.0,103679.0,9153.0,64374.0,189211.0,2326.0,11008.0,2927.0,9006.0,25267.0
1987-09-30,7528.0,7416.0,7440.0,1896.0,6467.0,686.0,513.0,39028.0,3441.0,1252.0,1948.0,83.0,1037.0,152.0,338.0,85.0,709.0,445.0,74.0,70655.0,192463.0,7841.0,26504.0,14044.0,103016.0,8897.0,67446.0,192463.0,2497.0,11219.0,2984.0,9804.0,26504.0
1987-12-31,8696.0,8528.0,6343.0,1838.0,5733.0,669.0,493.0,22172.0,3677.0,1092.0,2329.0,90.0,979.0,145.0,333.0,90.0,783.0,541.0,73.0,75602.0,207090.0,8327.0,29229.0,15614.0,109883.0,11126.0,67050.0,207090.0,3041.0,12445.0,3866.0,9877.0,29229.0
1988-03-31,12173.0,7538.0,7221.0,1915.0,5302.0,705.0,504.0,22393.0,3126.0,1093.0,2304.0,88.0,961.0,158.0,349.0,84.0,802.0,560.0,77.0,80128.0,194859.0,9370.0,29200.0,14775.0,107159.0,9245.0,67715.0,194859.0,2903.0,12568.0,3256.0,10473.0,29200.0
1988-06-30,13212.0,7754.0,8025.0,1927.0,5317.0,734.0,545.0,23082.0,3575.0,1209.0,2519.0,94.0,1040.0,172.0,366.0,84.0,854.0,624.0,82.0,79192.0,198911.0,9804.0,30747.0,14233.0,106868.0,9829.0,71177.0,198911.0,2912.0,13163.0,3599.0,11073.0,30747.0
1988-09-30,12767.0,7805.0,8867.0,2070.0,5924.0,765.0,540.0,24166.0,3494.0,1328.0,2844.0,101.0,1120.0,131.0,395.0,88.0,949.0,687.0,107.0,75752.0,202353.0,9470.0,32159.0,15016.0,107274.0,9950.0,72542.0,202353.0,3209.0,13611.0,3715.0,11624.0,32159.0
1988-12-31,14238.0,8767.0,9338.0,2253.0,6254.0,767.0,487.0,25366.0,3697.0,1356.0,3221.0,120.0,1150.0,171.0,424.0,92.0,1044.0,854.0,118.0,76375.0,219394.0,9837.0,35610.0,16807.0,114753.0,12635.0,72766.0,219394.0,3810.0,15043.0,4892.0,11865.0,35610.0
1989-03-31,16219.0,8236.0,9309.0,2067.0,5189.0,835.0,602.0,27224.0,4120.0,1102.0,3142.0,121.0,1252.0,176.0,454.0,87.0,1021.0,770.0,129.0,86012.0,201256.0,11781.0,34304.0,13772.0,110668.0,10046.0,70925.0,201256.0,3070.0,14881.0,3979.0,12374.0,34304.0
1989-06-30,15725.0,8628.0,10762.0,2051.0,5568.0,890.0,594.0,29397.0,4014.0,998.0,3155.0,118.0,1355.0,180.0,484.0,86.0,1052.0,781.0,110.0,80461.0,205838.0,11671.0,36687.0,14643.0,110261.0,10523.0,73016.0,205838.0,3431.0,15504.0,4445.0,13307.0,36687.0
1989-09-30,15786.0,9012.0,11180.0,2323.0,4728.0,912.0,569.0,32931.0,3818.0,1164.0,2842.0,129.0,1369.0,191.0,479.0,95.0,1517.0,838.0,73.0,78393.0,207281.0,11172.0,38304.0,14938.0,111456.0,10234.0,73447.0,207281.0,3648.0,16176.0,4448.0,14032.0,38304.0
1989-12-31,15172.0,11675.0,10887.0,2365.0,5518.0,953.0,569.0,35391.0,3647.0,1501.0,3505.0,140.0,1374.0,239.0,475.0,104.0,1571.0,895.0,91.0,79090.0,223490.0,11443.0,42209.0,16287.0,119793.0,12766.0,72969.0,223490.0,4191.0,17979.0,5793.0,14246.0,42209.0
1990-03-31,14918.0,11707.0,12132.0,2726.0,4659.0,1035.0,629.0,41295.0,4385.0,1582.0,3520.0,142.0,1346.0,287.0,309.0,120.0,1910.0,919.0,117.0,88287.0,203936.0,13500.0,41214.0,13528.0,112595.0,9915.0,74429.0,203936.0,3418.0,17651.0,4593.0,15552.0,41214.0
1990-06-30,12404.0,12223.0,13697.0,2755.0,5737.0,1119.0,602.0,42914.0,4558.0,1723.0,3267.0,140.0,1355.0,252.0,235.0,137.0,2249.0,904.0,143.0,81643.0,212500.0,13785.0,44545.0,15292.0,112452.0,10683.0,79494.0,212500.0,4068.0,18383.0,5196.0,16898.0,44545.0
1990-09-30,13521.0,12610.0,14176.0,3073.0,5666.0,1157.0,589.0,43260.0,4575.0,2052.0,3350.0,145.0,1364.0,172.0,162.0,141.0,2332.0,905.0,122.0,80178.0,215390.0,13641.0,46549.0,16033.0,112997.0,10493.0,81680.0,215390.0,4374.0,19127.0,5273.0,17775.0,46549.0
1990-12-31,13824.0,14317.0,14471.0,3409.0,6249.0,1265.0,930.0,46398.0,4681.0,2298.0,3930.0,200.0,1361.0,195.0,174.0,143.0,2515.0,913.0,114.0,81177.0,230114.0,14567.0,51102.0,17633.0,120709.0,12811.0,79503.0,230114.0,4994.0,21424.0,6677.0,18007.0,51102.0
1991-03-31,14391.0,13447.0,14810.0,3646.0,6851.0,1358.0,760.0,48611.0,4507.0,2590.0,3688.0,209.0,1408.0,218.0,181.0,145.0,2965.0,905.0,101.0,88268.0,209350.0,15534.0,48924.0,14543.0,113266.0,9932.0,80142.0,209350.0,4258.0,20845.0,5259.0,18562.0,48924.0
1991-06-30,13630.0,13712.0,16161.0,3641.0,6100.0,1445.0,1150.0,51263.0,5302.0,2364.0,3791.0,216.0,1455.0,188.0,360.0,152.0,3173.0,853.0,118.0,86798.0,212305.0,16689.0,51714.0,15372.0,111856.0,10605.0,81446.0,212305.0,4707.0,21533.0,5888.0,19586.0,51714.0
1991-09-30,14945.0,14798.0,16665.0,3788.0,6013.0,1580.0,1170.0,54622.0,6042.0,2515.0,4754.0,225.0,1379.0,185.0,540.0,154.0,3251.0,870.0,120.0,80995.0,210582.0,15504.0,52868.0,14980.0,110475.0,10146.0,82144.0,210582.0,4790.0,22195.0,5820.0,20063.0,52868.0
1991-12-31,13924.0,20605.0,19961.0,3535.0,4345.0,1698.0,1221.0,104532.0,8078.0,3123.0,4584.0,468.0,1305.0,134.0,550.0,180.0,5858.0,1073.0,232.0,82712.0,225246.0,16131.0,58202.0,16636.0,115381.0,13399.0,80060.0,225246.0,5528.0,24711.0,7724.0,20239.0,58202.0
1992-03-31,13919.0,22648.0,19705.0,3513.0,6238.0,1844.0,1067.0,113542.0,7229.0,4307.0,4992.0,347.0,1374.0,135.0,560.0,169.0,5969.0,1009.0,206.0,85453.0,206304.0,17031.0,55488.0,13892.0,110056.0,9674.0,80113.0,206304.0,4545.0,24530.0,5702.0,20711.0,55488.0
1992-06-30,12744.0,23556.0,24797.0,3807.0,5972.0,2002.0,1074.0,117991.0,6728.0,4705.0,4920.0,321.0,1492.0,232.0,661.0,182.0,6153.0,1146.0,161.0,86413.0,208102.0,17970.0,58769.0,14760.0,107528.0,10911.0,80629.0,208102.0,4898.0,25195.0,6631.0,22045.0,58769.0
1992-09-30,14660.0,24518.0,26293.0,4458.0,6471.0,2131.0,1103.0,110011.0,7131.0,3606.0,4899.0,480.0,1622.0,169.0,487.0,162.0,5831.0,1239.0,145.0,84162.0,208320.0,17756.0,60502.0,15453.0,106595.0,9955.0,82923.0,208320.0,5157.0,26044.0,6201.0,23100.0,60502.0
1992-12-31,15991.0,25016.0,26443.0,4222.0,6652.0,2277.0,1085.0,111509.0,9241.0,3281.0,4468.0,516.0,2136.0,106.0,620.0,190.0,6277.0,1512.0,260.0,89064.0,222552.0,20019.0,65523.0,18046.0,111904.0,13060.0,83363.0,222552.0,6157.0,27774.0,8326.0,23266.0,65523.0
1993-03-31,14451.0,25326.0,30849.0,4235.0,8793.0,2241.0,1074.0,118807.0,9543.0,2978.0,4250.0,499.0,2421.0,150.0,569.0,206.0,6331.0,1742.0,184.0,118527.0,311629.0,19401.0,69006.0,22854.0,138390.0,14682.0,140753.0,311629.0,7316.0,23520.0,8183.0,29987.0,69006.0
1993-06-30,14406.0,26489.0,33797.0,4324.0,10458.0,2402.0,1116.0,130623.0,10011.0,5455.0,4333.0,548.0,2799.0,109.0,673.0,210.0,7141.0,1731.0,205.0,123227.0,321620.0,21355.0,75125.0,23867.0,135240.0,15695.0,153191.0,321620.0,7967.0,23736.0,9157.0,34265.0,75125.0
1993-09-30,14987.0,26970.0,37472.0,4641.0,8605.0,2333.0,780.0,125622.0,10403.0,6506.0,4338.0,549.0,3150.0,123.0,699.0,209.0,7099.0,1690.0,206.0,124932.0,325201.0,22226.0,77187.0,25815.0,137564.0,15476.0,152672.0,325201.0,8779.0,24490.0,9110.0,34809.0,77187.0
1993-12-31,17424.0,27499.0,39770.0,5033.0,9253.0,2565.0,798.0,152062.0,11952.0,5982.0,3875.0,560.0,3352.0,98.0,740.0,231.0,8631.0,1878.0,211.0,131942.0,351521.0,24177.0,85634.0,29657.0,146924.0,20210.0,156129.0,351521.0,10354.0,26801.0,11976.0,36503.0,85634.0
1994-03-31,20705.0,28832.0,38654.0,5016.0,8785.0,2535.0,805.0,156951.0,12518.0,5928.0,4302.0,554.0,3468.0,99.0,447.0,248.0,9154.0,1844.0,227.0,127828.0,323152.0,24143.0,80259.0,23177.0,139058.0,14841.0,153290.0,323152.0,8117.0,25784.0,8890.0,37467.0,80259.0
1994-06-30,21437.0,29324.0,39077.0,4787.0,9074.0,2639.0,712.0,172777.0,11973.0,6039.0,4546.0,539.0,3245.0,138.0,404.0,258.0,9714.0,1855.0,208.0,125031.0,335139.0,24455.0,84947.0,24985.0,142053.0,16992.0,156413.0,335139.0,8837.0,26961.0,10285.0,38864.0,84947.0
1994-09-30,19403.0,28941.0,42373.0,4561.0,8311.0,3162.0,783.0,177508.0,9799.0,8689.0,4950.0,543.0,3195.0,144.0,344.0,242.0,10282.0,1687.0,290.0,121013.0,336325.0,24235.0,88233.0,25190.0,142541.0,16167.0,159097.0,336325.0,9092.0,28778.0,9914.0,40450.0,88233.0
1994-12-31,19722.0,29804.0,45998.0,4289.0,9178.0,3551.0,788.0,185744.0,11097.0,8194.0,5144.0,547.0,3394.0,119.0,524.0,247.0,11216.0,1669.0,426.0,128788.0,367849.0,26313.0,97957.0,31329.0,155965.0,21582.0,159065.0,367849.0,11503.0,31997.0,13356.0,41102.0,97957.0
1995-03-31,21525.0,30882.0,47386.0,4161.0,8746.0,4094.0,764.0,184351.0,10392.0,9044.0,6221.0,561.0,3374.0,129.0,462.0,267.0,11203.0,1694.0,579.0,114429.0,342674.0,24488.0,92824.0,25193.0,147633.0,15884.0,161151.0,342674.0,9412.0,30797.0,9995.0,42621.0,92824.0
1995-06-30,24279.0,32258.0,51533.0,3778.0,9587.0,4561.0,799.0,193456.0,10668.0,8092.0,6529.0,521.0,3535.0,149.0,514.0,273.0,11189.0,1570.0,543.0,116764.0,354773.0,25442.0,98766.0,27453.0,147885.0,17951.0,167545.0,354773.0,10388.0,31600.0,11469.0,45309.0,98766.0
1995-09-30,26977.0,32829.0,55998.0,3756.0,9766.0,5453.0,825.0,204661.0,10933.0,7903.0,6965.0,551.0,4003.0,175.0,568.0,299.0,11775.0,1647.0,621.0,120673.0,358669.0,26430.0,101060.0,28905.0,148573.0,17285.0,171282.0,358669.0,10989.0,31560.0,11214.0,47298.0,101060.0
1995-12-31,30705.0,33831.0,58565.0,3825.0,9837.0,7382.0,947.0,226975.0,11673.0,8164.0,7091.0,559.0,4946.0,169.0,636.0,339.0,13326.0,1738.0,685.0,120589.0,387097.0,26586.0,110369.0,33410.0,161063.0,22991.0,170005.0,387097.0,12646.0,34526.0,14995.0,48202.0,110369.0
1996-03-31,26107.0,34372.0,61496.0,3813.0,9450.0,8490.0,824.0,249402.0,11811.0,8651.0,7665.0,565.0,5012.0,164.0,516.0,337.0,14310.0,1778.0,760.0,119159.0,358151.0,28039.0,103349.0,26941.0,151500.0,16899.0,170451.0,358151.0,10679.0,33380.0,11366.0,47924.0,103349.0
1996-06-30,26905.0,35041.0,66511.0,3944.0,9771.0,9605.0,807.0,256933.0,12136.0,9494.0,6518.0,563.0,5549.0,132.0,725.0,342.0,15017.0,1875.0,641.0,123770.0,370643.0,30888.0,109962.0,29341.0,153095.0,19142.0,174981.0,370643.0,11751.0,34297.0,13165.0,50748.0,109962.0
1996-09-30,26891.0,35691.0,69358.0,3884.0,9902.0,12132.0,784.0,252373.0,11754.0,9323.0,6989.0,613.0,5029.0,131.0,619.0,333.0,14919.0,1802.0,647.0,119035.0,374227.0,30239.0,113660.0,30272.0,154160.0,18430.0,178650.0,374227.0,12177.0,35303.0,12865.0,53315.0,113660.0
1996-12-31,29475.0,36331.0,63714.0,3696.0,8830.0,8394.0,776.0,248315.0,12171.0,10119.0,6248.0,546.0,4704.0,135.0,467.0,310.0,16021.0,1539.0,373.0,128470.0,404729.0,33121.0,125972.0,35842.0,166314.0,24225.0,178749.0,404729.0,14497.0,39191.0,17041.0,55243.0,125972.0
1997-03-31,32832.0,37398.0,62786.0,3810.0,9026.0,8573.0,814.0,269461.0,12066.0,8955.0,8602.0,610.0,4869.0,155.0,472.0,325.0,17663.0,1603.0,519.0,124951.0,372027.0,33341.0,118558.0,28180.0,156859.0,17767.0,176907.0,372027.0,12225.0,37629.0,12557.0,56147.0,118558.0
1997-06-30,31293.0,38993.0,64026.0,3490.0,9844.0,8983.0,837.0,283813.0,12214.0,8459.0,8379.0,624.0,5200.0,201.0,913.0,690.0,19600.0,1680.0,399.0,128525.0,383394.0,34489.0,124742.0,29972.0,158036.0,19893.0,181675.0,383394.0,13196.0,38700.0,14231.0,58616.0,124742.0
1997-09-30,33740.0,39485.0,67115.0,3487.0,10619.0,9255.0,840.0,285833.0,9971.0,9126.0,8528.0,611.0,5439.0,184.0,930.0,781.0,19453.0,1641.0,370.0,120796.0,386411.0,33234.0,127108.0,30607.0,158202.0,18753.0,187264.0,386411.0,13575.0,39339.0,13571.0,60623.0,127108.0
1997-12-31,35487.0,40663.0,71215.0,3582.0,11745.0,8935.0,798.0,243843.0,8467.0,9908.0,7974.0,625.0,5772.0,256.0,434.0,530.0,18099.0,1450.0,295.0,126639.0,415032.0,35136.0,138056.0,34088.0,170388.0,24659.0,187435.0,415032.0,14985.0,43075.0,17941.0,62055.0,138056.0
1998-03-31,39461.0,40828.0,70679.0,3515.0,10683.0,9240.0,846.0,301019.0,11110.0,10571.0,8670.0,644.0,5985.0,206.0,961.0,529.0,21995.0,1358.0,123.0,117828.0,384331.0,34057.0,129481.0,27401.0,160091.0,19385.0,184789.0,384331.0,13017.0,40687.0,13508.0,62269.0,129481.0
1998-06-30,38234.0,41236.0,65984.0,3179.0,10837.0,9561.0,860.0,275338.0,8700.0,9701.0,9608.0,692.0,5921.0,195.0,890.0,526.0,21555.0,1272.0,96.0,120175.0,392716.0,35302.0,136160.0,27478.0,158863.0,21871.0,191293.0,392716.0,13989.0,41489.0,15576.0,65106.0,136160.0
1998-09-30,38716.0,40180.0,65621.0,3043.0,8871.0,9739.0,837.0,216240.0,9430.0,9529.0,9423.0,757.0,6010.0,166.0,943.0,526.0,16956.0,1314.0,152.0,119329.0,393218.0,35566.0,139852.0,27582.0,158978.0,20939.0,193464.0,393218.0,14460.0,42445.0,15018.0,67929.0,139852.0
1998-12-31,43529.0,40382.0,67875.0,2996.0,9798.0,9087.0,842.0,227239.0,10356.0,20954.0,9325.0,746.0,6211.0,107.0,425.0,494.0,18008.0,1247.0,217.0,132456.0,413729.0,39697.0,149099.0,29488.0,169024.0,27218.0,190392.0,413729.0,15288.0,45764.0,19720.0,68327.0,149099.0
1999-03-31,39690.0,40253.0,68673.0,3103.0,10146.0,9138.0,625.0,261204.0,10530.0,20395.0,10450.0,742.0,6414.0,192.0,353.0,499.0,20213.0,1262.0,215.0,114799.0,386013.0,35893.0,141868.0,24399.0,157790.0,19743.0,193108.0,386013.0,12964.0,43232.0,14440.0,71233.0,141868.0
1999-06-30,43739.0,40280.0,66481.0,3056.0,9076.0,8942.0,429.0,269650.0,11014.0,26712.0,10857.0,716.0,6874.0,166.0,400.0,612.0,21813.0,1234.0,163.0,136986.0,397630.0,42831.0,149712.0,25874.0,156634.0,22096.0,201723.0,397630.0,14205.0,43959.0,16255.0,75293.0,149712.0
1999-09-30,51544.0,41166.0,66372.0,2997.0,8741.0,9772.0,425.0,247267.0,10198.0,26330.0,13061.0,732.0,6972.0,185.0,294.0,450.0,20149.0,1200.0,399.0,117083.0,401627.0,37242.0,154485.0,28612.0,156361.0,21166.0,204897.0,401627.0,16197.0,44884.0,15623.0,77781.0,154485.0
1999-12-31,59933.0,50151.0,66860.0,2873.0,12008.0,11810.0,1530.0,299104.0,9181.0,31173.0,13282.0,907.0,4149.0,80.0,505.0,450.0,19587.0,1547.0,428.0,123048.0,426248.0,39648.0,165326.0,31986.0,166750.0,28041.0,203103.0,426248.0,17615.0,48760.0,20729.0,78222.0,165326.0
2000-03-31,55635.0,50443.0,76153.0,1535.0,10496.0,8643.0,1562.0,321964.0,11931.0,34137.0,14397.0,894.0,4159.0,29.0,513.0,450.0,17601.0,1354.0,468.0,122827.0,402350.0,41438.0,160124.0,28159.0,156798.0,21275.0,205632.0,402350.0,15794.0,46946.0,15922.0,81462.0,160124.0
2000-06-30,60317.0,50792.0,77154.0,1567.0,10832.0,8769.0,1610.0,310159.0,12460.0,34997.0,14057.0,843.0,4369.0,51.0,435.0,386.0,16593.0,1353.0,498.0,128841.0,413841.0,43705.0,170291.0,29357.0,155563.0,24163.0,213509.0,413841.0,17389.0,48133.0,18235.0,86534.0,170291.0
2000-09-30,52263.0,51692.0,86054.0,1515.0,11631.0,8805.0,1664.0,327755.0,13225.0,36114.0,14305.0,849.0,4563.0,72.0,488.0,374.0,16393.0,1479.0,616.0,125545.0,418258.0,43812.0,174910.0,31694.0,156116.0,23092.0,217005.0,418258.0,19148.0,49526.0,17369.0,88867.0,174910.0
2000-12-31,57186.0,42967.0,84568.0,1698.0,12920.0,9132.0,1594.0,339621.0,15070.0,37196.0,13108.0,776.0,5313.0,24.0,485.0,372.0,18173.0,1365.0,538.0,129109.0,443759.0,45521.0,185784.0,35421.0,165499.0,30714.0,215529.0,443759.0,20717.0,52702.0,23136.0,89230.0,185784.0
2001-03-31,59867.0,43058.0,85482.0,1770.0,14526.0,9499.0,1591.0,323347.0,16647.0,38519.0,14987.0,757.0,4848.0,28.0,463.0,368.0,16511.0,1033.0,496.0,127116.0,417724.0,46084.0,178072.0,30824.0,158130.0,22748.0,215757.0,417724.0,18046.0,51042.0,17420.0,91564.0,178072.0
2001-06-30,65487.0,42869.0,95165.0,1791.0,16405.0,9569.0,1854.0,349394.0,17606.0,41996.0,15232.0,745.0,5212.0,43.0,643.0,366.0,16773.0,1214.0,441.0,131816.0,427988.0,48381.0,187355.0,30652.0,157684.0,25473.0,223406.0,427988.0,19009.0,52351.0,19766.0,96228.0,187355.0
2001-09-30,61548.0,42696.0,91657.0,1465.0,15227.0,7311.0,1734.0,329590.0,18175.0,40787.0,15573.0,620.0,5398.0,87.0,541.0,362.0,15292.0,1176.0,458.0,129337.0,431830.0,48309.0,191736.0,32303.0,158581.0,24053.0,227433.0,431830.0,20780.0,53514.0,18758.0,98684.0,191736.0
2001-12-31,66398.0,41970.0,91757.0,1102.0,16051.0,10490.0,2021.0,381032.0,20588.0,50428.0,13124.0,570.0,4958.0,77.0,590.0,361.0,17072.0,1142.0,326.0,133864.0,459287.0,51027.0,204352.0,36610.0,169051.0,32201.0,225101.0,459287.0,23145.0,58219.0,24459.0,98530.0,204352.0
2002-03-31,73552.0,39352.0,77274.0,1027.0,14286.0,10510.0,1931.0,390165.0,22441.0,41746.0,12671.0,555.0,4550.0,48.0,522.0,363.0,15882.0,1162.0,712.0,131353.0,434843.0,53738.0,197103.0,31575.0,161895.0,24443.0,225307.0,434843.0,19787.0,57849.0,18774.0,100692.0,197103.0
2002-06-30,76930.0,39121.0,86345.0,2478.0,15322.0,7894.0,1882.0,372406.0,23207.0,38686.0,12577.0,562.0,4512.0,35.0,429.0,362.0,16118.0,1199.0,638.0,137660.0,442024.0,56970.0,208703.0,31079.0,161119.0,27890.0,230365.0,442024.0,21852.0,60089.0,21697.0,105065.0,208703.0
2002-09-30,76217.0,38800.0,101366.0,3200.0,13973.0,7730.0,1849.0,342911.0,29014.0,32972.0,13990.0,569.0,4438.0,36.0,442.0,358.0,14750.0,1334.0,648.0,135873.0,445059.0,58268.0,214698.0,33410.0,162243.0,26610.0,231209.0,445059.0,24791.0,62360.0,21165.0,106383.0,214698.0
2002-12-31,74369.0,37641.0,100672.0,2042.0,15706.0,10546.0,2472.0,342239.0,33448.0,40175.0,14262.0,564.0,4386.0,37.0,503.0,359.0,14458.0,1352.0,774.0,141115.0,470005.0,59351.0,232392.0,35233.0,171737.0,34863.0,234114.0,470005.0,26715.0,67918.0,28197.0,109562.0,232392.0
2003-03-31,75573.0,38080.0,102712.0,2098.0,19395.0,10030.0,2382.0,307088.0,28591.0,34211.0,16863.0,584.0,4365.0,41.0,562.0,373.0,13355.0,1348.0,882.0,139401.0,443770.0,61584.0,216579.0,31658.0,164026.0,26136.0,230479.0,443770.0,21945.0,65738.0,21268.0,107628.0,216579.0
2003-06-30,83836.0,38552.0,107153.0,2528.0,21143.0,10136.0,2100.0,335536.0,27956.0,32583.0,17206.0,591.0,4542.0,34.0,595.0,372.0,13918.0,1361.0,922.0,145743.0,453169.0,62278.0,227085.0,31730.0,163225.0,28744.0,238587.0,453169.0,23944.0,66211.0,23549.0,113382.0,227085.0
2003-09-30,83621.0,37957.0,108671.0,2642.0,20759.0,10382.0,2093.0,353839.0,30003.0,36293.0,17785.0,643.0,4370.0,13.0,596.0,352.0,14248.0,1390.0,961.0,143010.0,458955.0,62152.0,231881.0,36803.0,164113.0,27573.0,239120.0,458955.0,27957.0,67435.0,22575.0,113914.0,231881.0
2003-12-31,85994.0,38729.0,100069.0,2457.0,21693.0,10160.0,1326.0,389914.0,35140.0,36738.0,17900.0,636.0,4099.0,12.0,648.0,359.0,16192.0,1360.0,956.0,148715.0,486776.0,65362.0,247058.0,40006.0,175596.0,36877.0,239543.0,486776.0,29714.0,72278.0,30045.0,115021.0,247058.0
2004-03-31,85829.0,38909.0,106082.0,1978.0,20691.0,10369.0,1077.0,386770.0,36798.0,36237.0,19360.0,657.0,4356.0,77.0,584.0,357.0,16366.0,1751.0,563.0,146740.0,464250.0,67749.0,244614.0,35099.0,168790.0,28653.0,240139.0,464250.0,25213.0,71576.0,23093.0,124732.0,244614.0
2004-06-30,91970.0,37398.0,96742.0,1980.0,18329.0,10081.0,1079.0,386119.0,32325.0,33742.0,19794.0,666.0,4898.0,182.0,585.0,355.0,16223.0,1628.0,452.0,153707.0,481008.0,71035.0,259186.0,35866.0,170436.0,33495.0,249616.0,481008.0,27706.0,73510.0,26837.0,131132.0,259186.0
2004-09-30,87921.0,37729.0,104386.0,1973.0,17640.0,10152.0,1194.0,421967.0,39680.0,37048.0,19122.0,701.0,5232.0,153.0,677.0,350.0,17549.0,1742.0,546.0,150552.0,490722.0,69207.0,263392.0,40891.0,173143.0,32534.0,252199.0,490722.0,31996.0,74332.0,25826.0,131239.0,263392.0
2004-12-31,95086.0,38238.0,111288.0,1727.0,12605.0,5904.0,1559.0,455347.0,39657.0,56662.0,20293.0,704.0,4463.0,235.0,807.0,349.0,18508.0,2232.0,626.0,156083.0,521681.0,72995.0,284913.0,46107.0,186019.0,44379.0,248231.0,521681.0,36251.0,81321.0,35282.0,132060.0,284913.0
2005-03-31,94968.0,39107.0,112987.0,1750.0,11672.0,5505.0,2155.0,468104.0,39360.0,55444.0,21239.0,752.0,4521.0,125.0,794.0,349.0,18916.0,2537.0,674.0,156166.0,495224.0,74029.0,269322.0,42070.0,177525.0,33935.0,248380.0,495224.0,31732.0,75470.0,26445.0,135676.0,269322.0
2005-06-30,95239.0,40383.0,115635.0,1822.0,12203.0,5512.0,1795.0,489794.0,41780.0,57616.0,20183.0,739.0,4488.0,123.0,441.0,358.0,18707.0,2733.0,726.0,147548.0,509755.0,70506.0,284421.0,43667.0,180240.0,38495.0,253235.0,509755.0,34320.0,78336.0,30057.0,141707.0,284421.0
2005-09-30,103616.0,42290.0,125273.0,1990.0,12959.0,5341.0,2060.0,498542.0,43220.0,53716.0,22555.0,747.0,4539.0,123.0,445.0,357.0,20374.0,2922.0,668.0,154010.0,517994.0,74520.0,293311.0,48643.0,181760.0,37289.0,256008.0,517994.0,35587.0,81689.0,30054.0,145981.0,293311.0
2005-12-31,106690.0,43228.0,114026.0,1804.0,13216.0,5499.0,2096.0,568516.0,44995.0,57435.0,22559.0,763.0,4489.0,36.0,395.0,346.0,21150.0,3014.0,921.0,155909.0,554760.0,77600.0,321153.0,54076.0,195108.0,50377.0,256134.0,554760.0,41168.0,93434.0,38340.0,148211.0,321153.0
2006-03-31,115241.0,43064.0,127323.0,3130.0,12780.0,5224.0,2164.0,617591.0,46822.0,69339.0,22621.0,748.0,4650.0,4.0,290.0,305.0,20580.0,3077.0,1161.0,162952.0,528016.0,79882.0,300115.0,48691.0,182518.0,39470.0,261806.0,528016.0,37515.0,84736.0,30650.0,147214.0,300115.0
2006-06-30,116032.0,46280.0,114215.0,3029.0,14025.0,5502.0,2199.0,604461.0,47010.0,74684.0,24696.0,741.0,4683.0,4.0,377.0,313.0,19055.0,3027.0,1140.0,150723.0,551310.0,76702.0,315104.0,50756.0,187201.0,44623.0,274088.0,551310.0,38474.0,89390.0,33857.0,153383.0,315104.0
2006-09-30,128983.0,47311.0,119807.0,3056.0,15122.0,6057.0,2198.0,614788.0,53270.0,81405.0,24247.0,753.0,5160.0,4.0,754.0,311.0,18350.0,3022.0,1024.0,160657.0,565926.0,83583.0,331665.0,58009.0,192172.0,44863.0,276053.0,565926.0,41604.0,95630.0,33766.0,160665.0,331665.0
2006-12-31,144193.0,49601.0,131472.0,4188.0,13543.0,3781.0,2551.0,684841.0,58205.0,88356.0,23820.0,782.0,4732.0,4.0,990.0,323.0,20554.0,3558.0,922.0,162420.0,614829.0,86183.0,361027.0,63074.0,214592.0,58787.0,279711.0,614829.0,48444.0,105648.0,42465.0,164470.0,361027.0
2007-03-31,156983.0,51658.0,117835.0,4388.0,15352.0,4686.0,2552.0,709243.0,62561.0,97673.0,23261.0,822.0,4374.0,0.0,1191.0,323.0,22242.0,3658.0,945.0,170065.0,568628.0,90527.0,344999.0,53493.0,192265.0,45131.0,283668.0,568628.0,46077.0,96393.0,34752.0,167777.0,344999.0
2007-06-30,165340.0,54412.0,115844.0,4151.0,14322.0,5418.0,2592.0,711441.0,65665.0,94816.0,24453.0,850.0,4444.0,4.0,1235.0,325.0,23515.0,3766.0,1037.0,159094.0,590994.0,84871.0,362439.0,57501.0,196759.0,49227.0,294282.0,590994.0,45077.0,102862.0,37210.0,177291.0,362439.0
2007-09-30,174429.0,53598.0,128439.0,4222.0,12760.0,5497.0,1222.0,721347.0,68325.0,91303.0,26018.0,852.0,4351.0,4.0,1268.0,53.0,23214.0,3550.0,899.0,170678.0,602836.0,95358.0,373505.0,65395.0,201150.0,47550.0,295406.0,602836.0,45914.0,106101.0,36224.0,185267.0,373505.0
2007-12-31,176935.0,55847.0,121695.0,4359.0,13378.0,4437.0,1136.0,731964.0,71563.0,91773.0,24612.0,870.0,4278.0,4.0,1399.0,58.0,22983.0,3780.0,984.0,176420.0,644934.0,102045.0,408428.0,69302.0,225820.0,60464.0,290423.0,644934.0,52050.0,119199.0,44310.0,192869.0,408428.0
2008-03-31,171491.0,56845.0,115476.0,3827.0,13505.0,4369.0,1874.0,693890.0,75104.0,101115.0,26384.0,928.0,4031.0,5.0,1484.0,63.0,22305.0,3615.0,926.0,182061.0,586460.0,105806.0,385749.0,54367.0,197118.0,45724.0,296066.0,586460.0,47788.0,110081.0,36247.0,191633.0,385749.0
2008-06-30,188599.0,54189.0,100072.0,3609.0,14752.0,2652.0,2155.0,648359.0,70490.0,105554.0,27912.0,1015.0,3929.0,5.0,1457.0,40.0,22339.0,3537.0,975.0,170791.0,603772.0,102169.0,404561.0,55102.0,197192.0,49951.0,310359.0,603772.0,46028.0,116295.0,39840.0,202399.0,404561.0
2008-09-30,180055.0,56355.0,116812.0,5196.0,16181.0,4349.0,2298.0,595244.0,79061.0,107919.0,28007.0,1049.0,4500.0,5.0,957.0,40.0,19144.0,3953.0,1263.0,187017.0,603749.0,117966.0,413975.0,57472.0,196620.0,47898.0,311008.0,603749.0,44385.0,120743.0,38402.0,210445.0,413975.0
2008-12-31,201574.0,59294.0,118150.0,6269.0,16828.0,4250.0,2875.0,570381.0,83533.0,102041.0,29580.0,1126.0,5575.0,5.0,1022.0,40.0,18530.0,3956.0,1074.0,188264.0,642566.0,119929.0,442015.0,58064.0,216679.0,60497.0,312623.0,642566.0,49178.0,136036.0,47738.0,209063.0,442015.0
2009-03-31,203545.0,59021.0,107823.0,5653.0,16948.0,3163.0,3364.0,546321.0,81223.0,96784.0,32617.0,1163.0,5036.0,18.0,1076.0,40.0,18194.0,3786.0,950.0,187915.0,578255.0,119941.0,412877.0,44797.0,189169.0,44993.0,308874.0,578255.0,42857.0,120544.0,37625.0,211850.0,412877.0
2009-06-30,194851.0,60744.0,104782.0,5427.0,16974.0,2885.0,2523.0,572040.0,78802.0,105334.0,34880.0,1293.0,5614.0,4.0,1018.0,41.0,16881.0,4067.0,986.0,181689.0,585806.0,119260.0,423373.0,43973.0,190585.0,48010.0,313011.0,585806.0,40356.0,123093.0,40075.0,219849.0,423373.0
2009-09-30,189053.0,61687.0,113675.0,5755.0,19915.0,2702.0,2532.0,625200.0,76307.0,105411.0,34676.0,1282.0,5806.0,4.0,1003.0,40.0,17523.0,4005.0,1357.0,185953.0,584055.0,124784.0,432210.0,49259.0,191863.0,45274.0,306699.0,584055.0,41284.0,128646.0,38633.0,223647.0,432210.0
2009-12-31,211023.0,59202.0,116116.0,4912.0,21068.0,2770.0,2446.0,654911.0,75861.0,106350.0,33875.0,1255.0,5716.0,5.0,1093.0,2.0,17265.0,4308.0,1455.0,185434.0,625301.0,133209.0,464102.0,53049.0,215749.0,56721.0,303695.0,625301.0,49402.0,143149.0,47016.0,224535.0,464102.0
2010-03-31,209451.0,59291.0,128045.0,8544.0,21235.0,2567.0,2833.0,669881.0,77792.0,110688.0,33343.0,1202.0,5867.0,4.0,2500.0,0.0,17093.0,4366.0,2038.0,186344.0,600133.0,137364.0,448410.0,53310.0,188330.0,45584.0,312909.0,600133.0,46036.0,131917.0,38185.0,232272.0,448410.0
2010-06-30,188736.0,59361.0,130192.0,5887.0,30167.0,2590.0,1832.0,646709.0,77803.0,117684.0,33781.0,1201.0,5690.0,4.0,2141.0,0.0,16850.0,4462.0,1709.0,178373.0,616240.0,129692.0,466684.0,54006.0,191833.0,48373.0,322028.0,616240.0,46701.0,136408.0,40602.0,242972.0,466684.0
2010-09-30,190066.0,57652.0,133694.0,5325.0,34127.0,2522.0,2226.0,705230.0,83803.0,134686.0,34763.0,1204.0,5918.0,2.0,2634.0,0.0,18355.0,4478.0,2197.0,184693.0,627122.0,137943.0,478497.0,54579.0,197331.0,46719.0,328493.0,627122.0,47271.0,142178.0,39424.0,249624.0,478497.0
2010-12-31,190274.0,58977.0,138151.0,5210.0,35343.0,2770.0,1791.0,746777.0,84816.0,129026.0,31876.0,1206.0,5526.0,2.0,2617.0,0.0,20222.0,4527.0,1920.0,189514.0,664878.0,144892.0,512119.0,60785.0,217646.0,57886.0,328561.0,664878.0,53096.0,158118.0,48978.0,251927.0,512119.0
2011-03-31,197269.0,59070.0,127537.0,5321.0,26994.0,2793.0,2342.0,738146.0,85780.0,135210.0,32098.0,1180.0,5643.0,2.0,3052.0,0.0,21203.0,4575.0,2083.0,189951.0,630764.0,144628.0,491707.0,59587.0,195763.0,47246.0,328168.0,630764.0,51682.0,145872.0,40154.0,253999.0,491707.0
2011-06-30,204370.0,60686.0,131909.0,5007.0,28280.0,2923.0,1996.0,744458.0,85364.0,137792.0,32054.0,1133.0,6568.0,2.0,3123.0,0.0,18626.0,4868.0,1778.0,187051.0,640768.0,146497.0,509443.0,58035.0,199691.0,50591.0,332450.0,640768.0,50540.0,153239.0,43336.0,262327.0,509443.0
2011-09-30,212968.0,61277.0,134207.0,5007.0,27261.0,2215.0,1648.0,738781.0,84827.0,134300.0,34293.0,1169.0,7207.0,2.0,3119.0,0.0,18452.0,5085.0,1826.0,194087.0,645290.0,154158.0,521831.0,59544.0,203865.0,50606.0,331275.0,645290.0,51850.0,160906.0,43813.0,265262.0,521831.0
2011-12-31,215362.0,61089.0,139467.0,5056.0,27141.0,2189.0,1406.0,777013.0,88727.0,141568.0,34543.0,1129.0,7651.0,2.0,3411.0,0.0,18619.0,5184.0,1779.0,198008.0,693232.0,160078.0,570823.0,68300.0,225223.0,64584.0,335125.0,693232.0,60168.0,181949.0,56221.0,272484.0,570823.0
2012-03-31,224071.0,60949.0,142886.0,5118.0,28798.0,1973.0,1427.0,814162.0,85785.0,149282.0,35098.0,1088.0,8501.0,2.0,3346.0,0.0,18642.0,4817.0,1788.0,201634.0,651622.0,162669.0,542166.0,63697.0,201713.0,50794.0,335418.0,651622.0,56512.0,165384.0,44496.0,275774.0,542166.0
2012-06-30,223043.0,59949.0,150475.0,5247.0,30947.0,2037.0,1276.0,824009.0,89000.0,153874.0,35889.0,1115.0,7690.0,2.0,3540.0,0.0,18551.0,5988.0,1777.0,194724.0,659658.0,160249.0,557659.0,64482.0,202909.0,55137.0,337130.0,659658.0,57286.0,169388.0,48704.0,282281.0,557659.0
2012-09-30,238948.0,59611.0,162440.0,4755.0,31842.0,2021.0,1264.0,874327.0,86104.0,156327.0,37127.0,1119.0,7109.0,4.0,4530.0,0.0,18492.0,6801.0,1940.0,201884.0,668860.0,169761.0,571109.0,63976.0,209622.0,53943.0,341319.0,668860.0,57048.0,176569.0,48135.0,289358.0,571109.0
2012-12-31,210888.0,62365.0,162524.0,6513.0,33069.0,2027.0,1354.0,940305.0,90184.0,160852.0,39036.0,1098.0,7620.0,2.0,4441.0,0.0,19127.0,5343.0,2157.0,207698.0,714117.0,178534.0,622306.0,73675.0,226720.0,66657.0,347066.0,714117.0,66179.0,196967.0,59856.0,299304.0,622306.0
2013-03-31,221011.0,59878.0,156230.0,6540.0,32398.0,1966.0,1242.0,987897.0,100658.0,174256.0,40649.0,1203.0,6810.0,14.0,4248.0,0.0,20815.0,5722.0,2592.0,206802.0,665060.0,177687.0,588122.0,68605.0,201083.0,53057.0,342315.0,665060.0,61917.0,176768.0,48026.0,301410.0,588122.0
2013-06-30,208555.0,53235.0,174854.0,6074.0,31005.0,2046.0,1315.0,987458.0,104036.0,163519.0,40736.0,1129.0,7107.0,14.0,4726.0,0.0,21049.0,6110.0,2571.0,202578.0,674875.0,178382.0,605504.0,69487.0,201994.0,58405.0,344990.0,674875.0,63271.0,179648.0,53301.0,309284.0,605504.0
2013-09-30,195821.0,53149.0,178973.0,6032.0,28708.0,1966.0,1415.0,1056507.0,106107.0,178331.0,39560.0,1232.0,8143.0,14.0,4820.0,0.0,22966.0,6058.0,1940.0,208364.0,676078.0,186940.0,614168.0,67246.0,205468.0,56935.0,346429.0,676078.0,62075.0,186679.0,52324.0,313091.0,614168.0
2013-12-31,173756.0,57378.0,177182.0,4078.0,31508.0,2141.0,1422.0,1124386.0,125921.0,167408.0,39528.0,1551.0,7581.0,38.0,4609.0,0.0,22530.0,5567.0,2738.0,213677.0,720036.0,195178.0,662959.0,73523.0,227185.0,69602.0,349726.0,720036.0,68903.0,208153.0,64637.0,321265.0,662959.0
2014-03-31,166494.0,56252.0,186363.0,4328.0,32141.0,2034.0,1384.0,1162848.0,178353.0,123097.0,39701.0,1493.0,7513.0,35.0,4334.0,0.0,24356.0,6116.0,2670.0,211048.0,668414.0,193158.0,624948.0,67543.0,200569.0,56357.0,343944.0,668414.0,63999.0,187922.0,53186.0,319840.0,624948.0
2014-06-30,172048.0,55818.0,187542.0,5732.0,33309.0,2061.0,1414.0,1217486.0,181437.0,128534.0,41504.0,1555.0,7791.0,38.0,5274.0,0.0,25351.0,6250.0,2874.0,206102.0,675644.0,193499.0,643364.0,66065.0,202209.0,60205.0,347166.0,675644.0,63722.0,193698.0,57487.0,328457.0,643364.0
2014-09-30,179329.0,56199.0,195453.0,4335.0,32505.0,2097.0,1399.0,1214066.0,184217.0,128171.0,43307.0,1629.0,8674.0,93.0,590.0,0.0,24708.0,10854.0,3133.0,212980.0,682414.0,203371.0,657725.0,67566.0,207405.0,58948.0,348493.0,682414.0,65486.0,202046.0,57011.0,333182.0,657725.0
2014-12-31,165749.0,57953.0,198254.0,4629.0,29365.0,2071.0,1171.0,1246906.0,204097.0,131394.0,43010.0,1857.0,10271.0,144.0,598.0,0.0,25047.0,10834.0,2503.0,217304.0,729279.0,208390.0,707089.0,75130.0,231708.0,72272.0,350170.0,729279.0,73348.0,225336.0,70660.0,337745.0,707089.0
2015-03-31,166532.0,58122.0,208313.0,4259.0,29245.0,2071.0,1121.0,1317900.0,206319.0,134044.0,45044.0,1835.0,10760.0,69.0,486.0,0.0,26156.0,11007.0,2812.0,209988.0,681236.0,202501.0,664732.0,69375.0,205260.0,58126.0,348476.0,681236.0,68561.0,197971.0,57365.0,340834.0,664732.0
2015-06-30,181549.0,64956.0,222298.0,5475.0,30184.0,1862.0,920.0,1263344.0,215417.0,137996.0,49791.0,1940.0,11234.0,57.0,524.0,0.0,25550.0,10562.0,2177.0,205341.0,689358.0,203300.0,685756.0,66947.0,207956.0,61215.0,353241.0,689358.0,66569.0,207322.0,60927.0,350938.0,685756.0
2015-09-30,191234.0,66034.0,217440.0,5434.0,35289.0,2876.0,858.0,1292559.0,257218.0,88788.0,51509.0,2017.0,12641.0,69.0,753.0,0.0,25498.0,10444.0,1934.0,210128.0,697973.0,213057.0,704139.0,66818.0,212610.0,60185.0,358360.0,697973.0,66987.0,216231.0,60404.0,360517.0,704139.0
2015-12-31,201790.0,67545.0,196832.0,5155.0,35435.0,2334.0,826.0,1321258.0,241367.0,83002.0,59372.0,2086.0,8587.0,14.0,924.0,9.0,24581.0,12993.0,2021.0,213834.0,746643.0,220433.0,760583.0,74956.0,238597.0,74990.0,358101.0,746643.0,75978.0,242899.0,75819.0,365887.0,760583.0
2016-03-31,201245.0,68138.0,186948.0,5767.0,37511.0,2326.0,765.0,1359409.0,260377.0,48334.0,58235.0,2081.0,9514.0,47.0,804.0,9.0,27507.0,12823.0,2163.0,214231.0,684825.0,222169.0,711378.0,64544.0,208495.0,59732.0,352053.0,684825.0,67043.0,217241.0,61207.0,365887.0,711378.0
2016-06-30,201792.0,69702.0,188522.0,6124.0,38545.0,2653.0,880.0,1376393.0,262576.0,68048.0,56143.0,1902.0,10034.0,80.0,1661.0,10.0,28323.0,14746.0,1997.0,210733.0,693945.0,226501.0,735078.0,62808.0,210180.0,63853.0,357104.0,693945.0,66751.0,225284.0,66529.0,376514.0,735078.0
2016-09-30,222568.0,71091.0,188543.0,5780.0,39152.0,2314.0,860.0,1378452.0,259303.0,68077.0,54435.0,1913.0,10959.0,81.0,1645.0,10.0,28939.0,15188.0,2088.0,214241.0,703302.0,231400.0,754211.0,62787.0,216341.0,61135.0,363038.0,703302.0,66765.0,235657.0,64551.0,387238.0,754211.0
2016-12-31,205448.0,65216.0,190216.0,5542.0,42357.0,2311.0,897.0,1373142.0,250363.0,72688.0,54000.0,2038.0,11539.0,80.0,1517.0,10.0,27418.0,14737.0,2065.0,217018.0,752354.0,238883.0,811229.0,71744.0,237304.0,77106.0,366200.0,752354.0,75675.0,261629.0,82244.0,391681.0,811229.0
2017-03-31,218871.0,65430.0,185929.0,5688.0,43403.0,2274.0,710.0,1406207.0,245409.0,70964.0,54114.0,2014.0,11567.0,81.0,1507.0,10.0,28969.0,14804.0,2031.0,215149.0,689926.0,236875.0,755312.0,64299.0,204184.0,57960.0,363483.0,689926.0,68767.0,230002.0,62172.0,394372.0,755312.0
2017-06-30,214107.0,67537.0,178403.0,5314.0,45055.0,2553.0,708.0,1406543.0,246607.0,74027.0,57434.0,1984.0,13239.0,142.0,1648.0,10.0,27772.0,15535.0,1944.0,209923.0,704508.0,240241.0,778967.0,63123.0,209601.0,63764.0,368020.0,704508.0,67574.0,238952.0,68778.0,403663.0,778967.0
2017-09-30,241976.0,64711.0,187589.0,4720.0,47473.0,2621.0,747.0,1469168.0,252483.0,62269.0,57412.0,1971.0,12821.0,159.0,1684.0,0.0,30152.0,15958.0,1718.0,212978.0,716844.0,245963.0,799323.0,66917.0,215291.0,62960.0,371676.0,716844.0,71561.0,246981.0,67951.0,412830.0,799323.0
2017-12-31,234411.0,66743.0,197028.0,4930.0,47862.0,2806.0,772.0,1515061.0,261465.0,57936.0,57416.0,1900.0,12682.0,158.0,2268.0,6.0,28731.0,15747.0,1844.0,215791.0,771736.0,253765.0,866113.0,77330.0,239944.0,82406.0,372056.0,771736.0,82114.0,279163.0,89022.0,415814.0,866113.0
2018-03-31,244191.0,68064.0,206630.0,5220.0,47434.0,2138.0,149.0,1476369.0,271210.0,54063.0,58563.0,1861.0,14220.0,165.0,2546.0,11.0,27341.0,15824.0,1712.0,216310.0,713986.0,249291.0,810311.0,70809.0,209762.0,61161.0,372254.0,713986.0,75430.0,246646.0,66342.0,421893.0,810311.0
2018-06-30,240482.0,70696.0,196713.0,4800.0,43035.0,2037.0,148.0,1529614.0,263460.0,53136.0,59482.0,1831.0,14198.0,135.0,2245.0,10.0,29553.0,18675.0,1604.0,212696.0,726754.0,255945.0,833257.0,69144.0,212691.0,64834.0,380085.0,726754.0,73216.0,253759.0,70807.0,435476.0,833257.0
2018-09-30,241689.0,72594.0,207908.0,4779.0,42640.0,2003.0,41.0,1563345.0,261848.0,55006.0,62651.0,1821.0,14332.0,143.0,2407.0,40.0,30217.0,19156.0,1632.0,214304.0,731951.0,261562.0,851670.0,69376.0,220216.0,64287.0,378073.0,731951.0,73956.0,267617.0,70279.0,439818.0,851670.0
2018-12-31,226525.0,77874.0,202990.0,4955.0,42627.0,1871.0,40.0,1536268.0,264524.0,50375.0,59514.0,1826.0,15098.0,143.0,2447.0,45.0,28931.0,19971.0,1986.0,218668.0,787561.0,271564.0,920148.0,80303.0,246135.0,82743.0,378380.0,787561.0,85745.0,301356.0,90621.0,442425.0,920148.0
2019-03-31,235898.0,79037.0,209608.0,4496.0,42812.0,1854.0,23.0,1610063.0,276632.0,47603.0,61925.0,2378.0,14722.0,152.0,2439.0,49.0,28985.0,20715.0,1562.0,219893.0,720309.0,266999.0,848262.0,70022.0,213476.0,61379.0,375431.0,720309.0,75126.0,261751.0,67721.0,443663.0,848262.0
2019-06-30,244374.0,81288.0,221693.0,4577.0,42646.0,1795.0,32.0,1625127.0,271923.0,49179.0,61579.0,3488.0,15153.0,156.0,2538.0,46.0,29930.0,20561.0,1306.0,215704.0,734500.0,270390.0,877167.0,69514.0,217355.0,66888.0,380741.0,734500.0,74965.0,271779.0,74399.0,456024.0,877167.0
2019-09-30,243799.0,63084.0,228200.0,4941.0,42388.0,1755.0,418.0,1594546.0,280582.0,43369.0,66143.0,3426.0,15735.0,159.0,2514.0,48.0,30400.0,21498.0,1499.0,221087.0,742758.0,278807.0,896701.0,71091.0,222230.0,64978.0,384459.0,742758.0,77303.0,282514.0,72576.0,464309.0,896701.0
2019-12-31,244034.0,64540.0,225955.0,5273.0,42147.0,1731.0,419.0,1628914.0,292239.0,49840.0,65772.0,3483.0,16732.0,156.0,2436.0,48.0,30663.0,21429.0,1660.0,225083.0,799270.0,288300.0,966766.0,80742.0,246808.0,83071.0,388649.0,799270.0,86966.0,314191.0,92929.0,472680.0,966766.0
2020-03-31,240743.0,59076.0,209671.0,4298.0,40984.0,1674.0,396.0,1396955.0,271504.0,50028.0,69666.0,3897.0,15124.0,147.0,2179.0,50.0,27903.0,21265.0,1411.0,224101.0,740719.0,285165.0,904879.0,71307.0,214681.0,63059.0,391671.0,740719.0,77752.0,276878.0,70798.0,479451.0,904879.0
2020-06-30,229278.0,58646.0,255360.0,4326.0,42672.0,1501.0,393.0,1552031.0,281592.0,53226.0,74156.0,3960.0,15835.0,162.0,2229.0,70.0,27562.0,21556.0,1471.0,216386.0,597196.0,278928.0,735941.0,49517.0,181195.0,37409.0,329076.0,597196.0,54716.0,233208.0,42027.0,405990.0,735941.0
2020-09-30,219818.0,59106.0,280421.0,4550.0,41562.0,1477.0,404.0,1571128.0,271339.0,55156.0,81604.0,3690.0,17381.0,161.0,2237.0,82.0,28436.0,21290.0,1373.0,221775.0,707750.0,289833.0,876514.0,70320.0,215262.0,57248.0,364920.0,586381.5,78234.0,282410.0,65136.0,450734.0,814817.0
